Workbook

Sheet Input
A1: Parameter | B1: Symbol | C1: Value | D1: Unit
A2: Wastewater flow | B2: Q | C2: 10000 | D2: m³/d
A3: Influent soluble BOD | B3: S₀ | C3: 150 | D3: mg/L
A4: Desired effluent soluble BOD | B4: S | C4: 5 | D4: mg/L
A5: MLSS concentration | B5: X | C5: 3000 | D5: mg/L
A6: Underflow concentration | B6: Xu | C6: 10000 | D6: mg/L
A7: Yield coefficient | B7: Y | C7: 0.5 | D7: kg/kg
A8: Decay coefficient | B8: kd | C8: 0.05 | D8: d⁻¹
A9: Solid Retention time | B9: θc | C9: 10 | D9: d

Sheet Calculations
B2: Unit Conversion
B3: Parameter | C3: Formula
B4: S₀, kg/m³ | C4: =Input!C3/1000 -> 0.15
B5: S, kg/m³ | C5: =Input!C4/1000 -> 0.005
B6: X, kg/m³ | C6: =Input!C5/1000 -> 3
B7: Xu, kg/m³ | C7: =Input!C6/1000 -> 10
B9: BOD Loading | F9: Reactor Volume(m³)
B10: Influent BOD Load | F10: V | G10: =ROUND((Input!C2*Input!C7*(Calculations!C4-Calculations!C5))/(Calculations!C6*(1/Input!C9+Input!C8)),0) -> 1611
B11: L₀=Q*S₀ | C11: =Input!C2*Calculations!C4 -> 1500
B12: BOD Removed
B13: Lr=Q*(S₀-S) | C13: =Input!C2*(Calculations!C4-Calculations!C5) -> 1450
B15: Solids Wasting | F15: Return Activated Sludge
B16: Mass of solids wasted per day(kg/d) | F16: Qr(m³/d) | G16: =ROUND(((Input!C2*C6)-(C20*C7))/(C7-C6),2) -> 4216.67
B17: Mw | C17: =(G10*C6/Input!C9) -> 483.3
F18: Recycle ratio
B19: Waste Sludge Volume(m³/d) | F19: R | G19: =ROUND(G16/Input!C2,2) -> 0.42
B20: Qw | C20: =(C17/C7) -> 48.33

Sheet Design Summary
B1: Design Summary
B3: Design Parameter | C3: Result
B4: BOD Load | C4: 1,500 kg/d
B5: BOD Removed | C5: 1,450 kg/d
B6: Reactor Volume | C6: 1,611 m³
B7: MLSS | C7: 3,000 mg/L
B8: Waste Solids | C8: 483.3 kg/d
B9: Waste Sludge Flow | C9: 48.3 m³/d
B10: Return Sludge Flow | C10: 4216.67 m³/d
B11: Recycle ratio | C11: 0.42

Sheet Sensitivity Analysis
A2: Effect of MLSS on Reactor Volume
A4: MLSS(mg/L) | B4: MLSS(kg/m³) | C4: Reactor Volume(m³)
A5: 2000 | B5: =Table5[[#This Row],[MLSS(mg/L)]]/1000 -> 2 | C5: =ROUND((Input!$C$2*Input!$C$7*(Calculations!$C$4-Calculations!$C$5))/(B5*(1/Input!$C$9+Input!$C$10)),0) -> 3625
A6: 2500 | B6: =Table5[[#This Row],[MLSS(mg/L)]]/1000 -> 2.5 | C6: =ROUND((Input!$C$2*Input!$C$7*(Calculations!$C$4-Calculations!$C$5))/(B6*(1/Input!$C$9+Input!$C$10)),0) -> 2900
A7: 3000 | B7: =Table5[[#This Row],[MLSS(mg/L)]]/1000 -> 3 | C7: =ROUND((Input!$C$2*Input!$C$7*(Calculations!$C$4-Calculations!$C$5))/(B7*(1/Input!$C$9+Input!$C$10)),0) -> 2417
A8: 3500 | B8: =Table5[[#This Row],[MLSS(mg/L)]]/1000 -> 3.5 | C8: =ROUND((Input!$C$2*Input!$C$7*(Calculations!$C$4-Calculations!$C$5))/(B8*(1/Input!$C$9+Input!$C$10)),0) -> 2071
A9: 4000 | B9: =Table5[[#This Row],[MLSS(mg/L)]]/1000 -> 4 | C9: =ROUND((Input!$C$2*Input!$C$7*(Calculations!$C$4-Calculations!$C$5))/(B9*(1/Input!$C$9+Input!$C$10)),0) -> 1813
